{"Abraham Hiatt":"https://lh3.googleusercontent.com/-rGJjbcmoRSk/AAAAAAAAAAI/AAAAAAAAAH8/TnR9sckcfUI/photo.jpg?sz=50","Adam Clarke":"https://lh4.googleusercontent.com/-bsy--JFN6aI/AAAAAAAAAAI/AAAAAAAAABU/EDfLW-vm-fM/photo.jpg?sz=50","Addy Osmani":"https://lh3.googleusercontent.com/-riQH0F3Zb2k/AAAAAAAAAAI/AAAAAAAB2Sg/DCYuVxr2A-8/photo.jpg?sz=50","Adobe":"https://lh5.googleusercontent.com/-Pgp4ZvRK2t0/AAAAAAAAAAI/AAAAAAAANYI/ZOEUUYfb-0E/photo.jpg?sz=50","Alain Vongsouvanh":"https://lh5.googleusercontent.com/-tklqfo60O0w/AAAAAAAAAAI/AAAAAAAAuic/Hh_XYOfPtlY/photo.jpg?sz=50","Alex Danilo":"https://lh3.googleusercontent.com/-S-DeRBmrMIY/AAAAAAAAAAI/AAAAAAAAGQI/ClOtBMg8dJk/photo.jpg?sz=50","Alex Komoroske":"https://lh5.googleusercontent.com/-WlbCSDZ9t5Y/AAAAAAAAAAI/AAAAAAAAC2M/A_HM2ovbT2o/photo.jpg?sz=50","Alex Limi":"https://lh3.googleusercontent.com/-CGbqLBKiMmM/AAAAAAAAAAI/AAAAAAAABBE/ROmRo1rWL_E/photo.jpg?sz=50","Alex Russell":"https://lh6.googleusercontent.com/-fxRsoeuTi4g/AAAAAAAAAAI/AAAAAAAACZk/FMDgwreSM1E/photo.jpg?sz=50","Alexandra Miller":"https://lh6.googleusercontent.com/-OEyeWAib_qs/AAAAAAAAAAI/AAAAAAAAEa4/8ICkyP4ux6c/photo.jpg?sz=50","Alexis Deveria":"https://lh3.googleusercontent.com/-ig-oJZLJTZk/AAAAAAAAAAI/AAAAAAAAF6k/O1OXpzObgEE/photo.jpg?sz=50","Ali Afshar":"https://lh6.googleusercontent.com/-48mVumD6cWI/AAAAAAAAAAI/AAAAAAAA3b0/ltO-wwD9mFI/photo.jpg?sz=50","Ali Diebel":"https://lh5.googleusercontent.com/-0WrXh-xqrmE/AAAAAAAAAAI/AAAAAAAAAps/nqIGeCvEG8M/photo.jpg?sz=50","Allen Wirfs-Brock":"https://lh5.googleusercontent.com/-q_y74ouxvqg/AAAAAAAAAAI/AAAAAAAABTA/7AJE0WEtb5c/photo.jpg?sz=50","Amanda Surya":"https://lh3.googleusercontent.com/-BuYz5nK7_N4/AAAAAAAAAAI/AAAAAAAAEvQ/LfyU3BbubGQ/photo.jpg?sz=50","Amy Huang":"https://lh3.googleusercontent.com/-_5nndTAklJs/AAAAAAAAAAI/AAAAAAAAAoU/tzUhw0n7Xmk/photo.jpg?sz=50","Amy Walgenbach":"https://lh3.googleusercontent.com/-OkszEzKjDWg/AAAAAAAAAAI/AAAAAAAAS88/f77J6bnVjS8/photo.jpg?sz=50","Andrea Junga":"https://lh6.googleusercontent.com/-4cnhJhAk1tc/AAAAAAAAAAI/AAAAAAAAABY/128z9OFL4zE/photo.jpg?sz=50","Andrea Vander Molen":"https://lh3.googleusercontent.com/-gLNxG1mZss0/AAAAAAAAAAI/AAAAAAAAAAA/480jpiDt9Q4/photo.jpg?sz=50","Andreas Bovens":"https://lh5.googleusercontent.com/--XlGPyINzGM/AAAAAAAAAAI/AAAAAAAC_bs/Ubfr3L6zTD4/photo.jpg?sz=50","Andres Ferrate":"https://lh3.googleusercontent.com/-lc89F2XxpYU/AAAAAAAAAAI/AAAAAAAACWI/cNo-8n4CqK0/photo.jpg?sz=50","Andrew Ballard":"https://lh6.googleusercontent.com/-m_-GeknOUFU/AAAAAAAAAAI/AAAAAAAAAAA/mBtwz8mb_SA/photo.jpg?sz=50","Andrew Gerrand":"https://lh6.googleusercontent.com/-GiCiXCj9E4E/AAAAAAAAAAI/AAAAAAAAdwE/eSpUp6p88iQ/photo.jpg?sz=50","Andrew Hoffman":"https://lh6.googleusercontent.com/-sCa-0Jd8-YI/AAAAAAAAAAI/AAAAAAAAAFw/coXAKoLFk7k/photo.jpg?sz=50","Andrew Pickens":"https://lh6.googleusercontent.com/-40A5omIHJaA/AAAAAAAAAAI/AAAAAAAAAEw/eYqZV1pFQS4/photo.jpg?sz=50","Andy Ballard":"https://lh5.googleusercontent.com/-PsBZk987FC4/AAAAAAAAAAI/AAAAAAAAAHo/QCQVOT8HKMo/photo.jpg?sz=50","Andy Perelson":"https://lh4.googleusercontent.com/-k2-a9kS8hb8/AAAAAAAAAAI/AAAAAAAADQk/kjP2lHL6O8E/photo.jpg?sz=50","Angelina Fabbro":"https://lh6.googleusercontent.com/-S0ZViN4GGVI/AAAAAAAAAAI/AAAAAAAAAxc/56ATk-eohvM/photo.jpg?sz=50","Ankur Kotwal":"https://lh3.googleusercontent.com/-MUdpWh5pV6k/AAAAAAAAAAI/AAAAAAAA4H0/Nx6brkW84B4/photo.jpg?sz=50","Anne van Kesteren":"https://lh3.googleusercontent.com/-Gk5r3tWvcZI/AAAAAAAAAAI/AAAAAAAACac/QvmO6WknJZI/photo.jpg?sz=50","Arne Roomann-Kurrik":"https://lh6.googleusercontent.com/-1lL90f62x6w/AAAAAAAAAAI/AAAAAAAAIu0/EsF6px_1Aqw/photo.jpg?sz=50","Austin Chau":"https://lh6.googleusercontent.com/-3xmvaCgpk4Y/AAAAAAAAAAI/AAAAAAAADEE/IOCM1d1Szh4/photo.jpg?sz=50","Axel Rauschmayer":"https://lh4.googleusercontent.com/-Co_34CwBCQU/AAAAAAAAAAI/AAAAAAAAAuM/VlxolpljJ4s/photo.jpg?sz=50","Baylee Miller":"https://lh6.googleusercontent.com/-nRPZ4hUxwAA/AAAAAAAAAAI/AAAAAAAAARk/EoZOC9_tg38/photo.jpg?sz=50","Ben Adida":"https://lh4.googleusercontent.com/-r9wAVDsfTGk/AAAAAAAAAAI/AAAAAAAAARA/l609FtSvJ60/photo.jpg?sz=50","Bill Couch":"https://lh5.googleusercontent.com/-vsM9-sKRMMU/AAAAAAAAAAI/AAAAAAAABA4/IJOr78bRTcc/photo.jpg?sz=50","Bill Coughran":"https://lh3.googleusercontent.com/-ODAQcuuE354/AAAAAAAAAAI/AAAAAAAAH8c/wuYOfj-7n7U/photo.jpg?sz=50","Blossom Blossom":"https://lh6.googleusercontent.com/-WQfwlpIqM3M/AAAAAAAAAAI/AAAAAAAAFeQ/gUyqFftvf8c/photo.jpg?sz=50","Bob Aman":"https://lh3.googleusercontent.com/-v25HEoCcxyo/AAAAAAAAAAI/AAAAAAAAD9Y/oyO7HN2gIh0/photo.jpg?sz=50","Bob Meese":"https://lh6.googleusercontent.com/-zOSE5sbM2WA/AAAAAAAAAAI/AAAAAAAA5xk/uecvfkUUnjw/photo.jpg?sz=50","Bogdan Oaida":"https://lh6.googleusercontent.com/-dOS0JeuoqCw/AAAAAAAAAAI/AAAAAAAAi0Y/Pk9xu6KQSNQ/photo.jpg?sz=50","Boris Smus":"https://lh4.googleusercontent.com/-SruH-tr0DUQ/AAAAAAAAAAI/AAAAAAAA8FI/N0cyLGjTVgY/photo.jpg?sz=50","Brad Green":"https://lh4.googleusercontent.com/-x3fK_dJVPh4/AAAAAAAAAAI/AAAAAAABJ68/k49yT9VBhgI/photo.jpg?sz=50","Bradley Neuberg":"https://lh3.googleusercontent.com/-1f6eXZlHprM/AAAAAAAAAAI/AAAAAAAAANc/hSFJhoL4swM/photo.jpg?sz=50","Brandi Andrews":"https://lh6.googleusercontent.com/-gYYzqvas84E/AAAAAAAAAAI/AAAAAAAAShI/NPDKoe7rTN0/photo.jpg?sz=50","Brendan Kenny":"https://lh5.googleusercontent.com/-e4z8cD2vnkE/AAAAAAAAAAI/AAAAAAAACwY/6zIh8f0CxPE/photo.jpg?sz=50","Brent Hegwood":"https://lh4.googleusercontent.com/-mwSxaGr7GN8/AAAAAAAAAAI/AAAAAAAAAfY/Z9VH38pLbqk/photo.jpg?sz=50","Brett Trzcinski":"https://lh6.googleusercontent.com/-__asIxHcRfw/AAAAAAAAAAI/AAAAAAAAAAA/wZvz9Mk6CnU/photo.jpg?sz=50","Brian Kardell":"https://lh4.googleusercontent.com/-bHLEsut9sbY/AAAAAAAAAAI/AAAAAAAAAVg/YgEPWTqB3wk/photo.jpg?sz=50","Brian Rakowski":"https://lh5.googleusercontent.com/-SrkYZYxSlVc/AAAAAAAAAAI/AAAAAAAAm5w/xeGCatzwkDg/photo.jpg?sz=50","Cameron McCormack":"https://lh3.googleusercontent.com/-0OP1nA0-Xpo/AAAAAAAAAAI/AAAAAAAAAIc/6ymTIsWNtU4/photo.jpg?sz=50","Cha ya":"https://lh4.googleusercontent.com/-TiMIWg6HF6E/AAAAAAAAAAI/AAAAAAAAVmA/PndiZC5s4u4/photo.jpg?sz=50","Chris Broadfoot":"https://lh6.googleusercontent.com/-eH_xCqel-9w/AAAAAAAAAAI/AAAAAAAARtE/oR-D9fkJeZU/photo.jpg?sz=50","Chris Cartland":"https://lh5.googleusercontent.com/-1q89538WS8U/AAAAAAAAAAI/AAAAAAAB1lU/Ld6qILI0kIw/photo.jpg?sz=50","Chris Chabot":"https://lh5.googleusercontent.com/-cQNLOQzkGpE/AAAAAAAAAAI/AAAAAAABbnQ/VkFQUPWSquQ/photo.jpg?sz=50","Chris Conwell":"https://lh3.googleusercontent.com/-fQ3hvQbgbuY/AAAAAAAAAAI/AAAAAAAAAAs/xy87ZUmUcJE/photo.jpg?sz=50","Chris Double":"https://lh6.googleusercontent.com/-D3QB4MO-DnA/AAAAAAAAAAI/AAAAAAAAF-E/Hvym5P_GnZs/photo.jpg?sz=50","Chris L.":"https://lh6.googleusercontent.com/-o8sNJVQtEEU/AAAAAAAAAAI/AAAAAAAAAAA/-41Z08jgfCI/photo.jpg?sz=50","Chris Messina":"https://lh5.googleusercontent.com/-OPfqsBOs5qU/AAAAAAAAAAI/AAAAAAABME4/Y-KSOSkCnqw/photo.jpg?sz=50","Chris Wilson":"https://lh6.googleusercontent.com/-Xrn1td552fA/AAAAAAAAAAI/AAAAAAAAStc/KdMddJXFCrg/photo.jpg?sz=50","Christian Cantrell":"https://lh6.googleusercontent.com/-o4_tTw_tqDU/AAAAAAAAAAI/AAAAAAAADOE/-n-zYVoQs6g/photo.jpg?sz=50","Christian Heilmann":"https://lh5.googleusercontent.com/-a3G5S0MGD4g/AAAAAAAAAAI/AAAAAAAAJ9Y/yrsD5uymYtc/photo.jpg?sz=50","Christine Huynh":"https://lh5.googleusercontent.com/-tforqLZiBaE/AAAAAAAAAAI/AAAAAAAAAMY/pQrMrUu4xhk/photo.jpg?sz=50","Christine Songco Lau":"https://lh3.googleusercontent.com/-o5YQtCntiZ8/AAAAAAAAAAI/AAAAAAAARL8/CsPxv6_4Q2o/photo.jpg?sz=50","Claudio Cherubino":"https://lh6.googleusercontent.com/-cogwURqnmS4/AAAAAAAAAAI/AAAAAAAACus/34rCA1F1NM0/photo.jpg?sz=50","Coco Morante":"https://lh6.googleusercontent.com/-AroRs2Io9EQ/AAAAAAAAAAI/AAAAAAAAAbI/Fbt2m4S3UCY/photo.jpg?sz=50","Colt McAnlis":"https://lh4.googleusercontent.com/-NHsYU-OGvnQ/AAAAAAAAAAI/AAAAAAAAGpM/2Gc7-QZMnbQ/photo.jpg?sz=50","Céline Vongsouvanh":"https://lh3.googleusercontent.com/-PnGnV98sdN0/AAAAAAAAAAI/AAAAAAAAaAA/tRAaobm2lEc/photo.jpg?sz=50","Dan Holevoet":"https://lh5.googleusercontent.com/--kstanm_kCw/AAAAAAAAAAI/AAAAAAAARkc/zoyNoaBVW48/photo.jpg?sz=50","Daniel Buchner":"https://lh6.googleusercontent.com/-6v5Aheoy7VY/AAAAAAAAAAI/AAAAAAAADAg/RBgnxDMP5PM/photo.jpg?sz=50","Daniel Davis":"https://lh6.googleusercontent.com/-D1wgOSc5DLQ/AAAAAAAAAAI/AAAAAAAAADs/flw11qhMxI8/photo.jpg?sz=50","Daniel Holbert":"https://lh5.googleusercontent.com/-mFpUzqDE_S8/AAAAAAAAAAI/AAAAAAAABMY/26kFqzx3Tvg/photo.jpg?sz=50","Daniel Pesick":"https://lh4.googleusercontent.com/-_8BmCRYhxoo/AAAAAAAAAAI/AAAAAAAAAHI/rcRAmfGRsCo/photo.jpg?sz=50","Daniels﻿﻿﻿ Lee":"https://lh3.googleusercontent.com/-Jb-Iy720ihc/AAAAAAAAAAI/AAAAAAAAgxs/KUXSVGbVbLA/photo.jpg?sz=50","Danyal Anik":"https://lh5.googleusercontent.com/-ffnlpjj4AZU/AAAAAAAAAAI/AAAAAAAACqQ/SzfR8QFicBU/photo.jpg?sz=50","David Baron":"https://lh5.googleusercontent.com/-uB2Yn1LRE6E/AAAAAAAAAAI/AAAAAAAACw8/UsK1xPymfQ8/photo.jpg?sz=50","David Dailey":"https://lh5.googleusercontent.com/-416TlmGP8LU/AAAAAAAAAAI/AAAAAAAAAS8/h04JurHKRRc/photo.jpg?sz=50","David Håsäther":"https://lh5.googleusercontent.com/-zU3KzqSrjPU/AAAAAAAAAAI/AAAAAAAAAgo/mX3uKbPavRM/photo.jpg?sz=50","David McLaughlin":"https://lh6.googleusercontent.com/-JaiYsQ64LLQ/AAAAAAAAAAI/AAAAAAAAB2g/vSPjAsKaVdU/photo.jpg?sz=50","Did You Know ?":"https://lh5.googleusercontent.com/-OoXM_kk2Nto/AAAAAAAAAAI/AAAAAAADtdM/z_nF_wgRrwg/photo.jpg?sz=50","Dimitri Glazkov":"https://lh4.googleusercontent.com/-xeALymVvHeA/AAAAAAAAAAI/AAAAAAAAqAA/YRfnA7jVsbc/photo.jpg?sz=50","Dion Almaer":"https://lh6.googleusercontent.com/-qa34hIONIYg/AAAAAAAAAAI/AAAAAAAAAbM/Hgf9jfLfyEc/photo.jpg?sz=50","Divya Manian":"https://lh3.googleusercontent.com/-bCm2BlMo2NA/AAAAAAAAAAI/AAAAAAAAAy8/oNzbgOfhSfY/photo.jpg?sz=50","Dominique Hazael-Massieux":"https://lh3.googleusercontent.com/-hZRz5W3u95Q/AAAAAAAAAAI/AAAAAAAAAAA/gYmUJhURwAA/photo.jpg?sz=50","Don Dodge":"https://lh5.googleusercontent.com/-Cyl5CpK7yMg/AAAAAAAAAAI/AAAAAAAAP40/EolS87-dQCY/photo.jpg?sz=50","Douglas Schepers":"https://lh3.googleusercontent.com/-Ji2jA1IYdTc/AAAAAAAAAAI/AAAAAAAAADc/dGuEYB8Dc58/photo.jpg?sz=50","Drew Bollinger":"https://lh3.googleusercontent.com/-WaxAWTHhmJs/AAAAAAAAAAI/AAAAAAAAAAA/AVFLbj7iz6c/photo.jpg?sz=50","Eiji Kitamura":"https://lh3.googleusercontent.com/-QUjZQxwJSFs/AAAAAAAAAAI/AAAAAAAAeYA/-LPxDEDGzQk/photo.jpg?sz=50","Eli Fidler":"https://lh3.googleusercontent.com/-X1n6nBpVnaI/AAAAAAAAAAI/AAAAAAAAAAA/yah--uBhFaU/photo.jpg?sz=50","Eli Grey":"https://lh6.googleusercontent.com/-2OiMIHRNq3Q/AAAAAAAAAAI/AAAAAAAAAAA/gEldE_cFHtk/photo.jpg?sz=50","Elijah Manor":"https://lh4.googleusercontent.com/-AtW_qomCJAo/AAAAAAAAAAI/AAAAAAAArKA/H0Xm6vuxfE8/photo.jpg?sz=50","Elizabeth Dukes":"https://lh4.googleusercontent.com/-EH9bRJPM2Ik/AAAAAAAAAAI/AAAAAAAAC74/FXCJt4bWxPE/photo.jpg?sz=50","Elliott Sprehn":"https://lh6.googleusercontent.com/-9rgBNgMFwWA/AAAAAAAAAAI/AAAAAAAAGyM/37PIjuLK_3I/photo.jpg?sz=50","Emily Alschbach":"https://lh3.googleusercontent.com/-_arTdT7Z9hg/AAAAAAAAAAI/AAAAAAAAAFw/wnq3HahLBAc/photo.jpg?sz=50","Eric Portenga":"https://lh6.googleusercontent.com/-IuU9KsSlhSQ/AAAAAAAAAAI/AAAAAAAACAQ/QIsW0IpbHGI/photo.jpg?sz=50","Eric Shepherd":"https://lh4.googleusercontent.com/-Bu1au4Gg8zo/AAAAAAAAAAI/AAAAAAAABL0/y6ppAaaX2Wo/photo.jpg?sz=50","Erik Arvidsson":"https://lh5.googleusercontent.com/-3To_KEyIdX4/AAAAAAAAAAI/AAAAAAAAAAA/MFcLHwRKhdE/photo.jpg?sz=50","Erik Meijer":"https://lh6.googleusercontent.com/-QbKNt1csdg4/AAAAAAAAAAI/AAAAAAAAAAA/utedEJhw_V4/photo.jpg?sz=50","Erik Möller":"https://lh6.googleusercontent.com/-mGhBioa18yU/AAAAAAAAAAI/AAAAAAAAAZI/B21odBadgXE/photo.jpg?sz=50","Eric Bidelman":"https://lh5.googleusercontent.com/-kgFnix5akCc/AAAAAAAAAAI/AAAAAAAATfY/uGLC_qKUf2E/photo.jpg?sz=60"}
